source,source_row_id,entry_time_utc,timeframe,direction,mode,decision,entry_price,stop_loss,take_profit,user_stop_loss,user_take_profit,sl_pct_entry,tp_pct_entry,user_sl_pct_entry,user_tp_pct_entry,rr_algo,rr_user,outcome,outcome_class,realized_r,realized_r_is_estimated,level_price,level_touches,session,sig_momentum,sig_fvg,sig_sweep,htf_up,atr,reason_text,dedup_status,is_duplicate_of
real_trades,1,2026-06-04 03:40:11+00:00,10m,long,,take,4460.048,4442.347,4509.219,4442.347,4509.219,0.3969,1.1025,0.3969,1.1025,,2.78,win,win,2.78,True,,,,,,,,,downtrend breakout-retest continuation,unique,
real_trades,2,2026-06-01 16:00:16+00:00,10m,short,,take,4511.054,4529.143,4457.307,4529.143,4457.307,0.4010,1.1915,0.4010,1.1915,,2.97,win,win,2.97,True,,,,,,,,,break of 3x-retested level; WMA>SMMA,unique,
real_trades,3,2026-05-26 19:50:16+00:00,10m,short,,take,4507.557,4532.967,4432.198,4532.967,4432.198,0.5637,1.6718,0.5637,1.6718,,2.97,win,win,2.97,True,,,,,,,,,2x-retested level break-retest; 2-3R,unique,
real_trades,4,2026-05-26 00:20:16+00:00,10m,short,,take,4551.590,4564.518,4513.041,4564.518,4513.041,0.2840,0.8469,0.2840,0.8469,,2.98,win,win,2.98,True,,,,,,,,,WMA>SMMA; support-break flip to resistance,dup_candidate,tv_review_may_jun:22;tv_review_may_jun:23
real_trades,5,2026-05-20 14:15:16+00:00,5m,long,,take,4479.035,4464.592,4522.455,4464.592,4522.455,0.3225,0.9694,0.3225,0.9694,,3.01,win,win,3.01,True,,,,,,,,,support retest in downtrend; SMMA>WMA,unique,
real_trades,6,2026-05-14 19:00:00+00:00,5m,short,,take,4671.813,4687.409,4625.027,4687.409,4625.027,0.3338,1.0015,0.3338,1.0015,,3.00,win,win,3.00,True,,,,,,,,,repeated-touch support break; WMA>SMMA,unique,
real_trades,7,2026-05-11 12:21:00+00:00,5m,long,,take,4680.095,4661.728,4735.961,4661.728,4735.961,0.3924,1.1937,0.3924,1.1937,,3.04,win,win,3.04,True,,,,,,,,,NO retest; momentum/liquidity entry (exceptional),dup_candidate,tv_review_may_jun:2
real_trades,8,2026-05-08 00:00:00+00:00,10m,short,,take,4705.833,4726.417,4644.081,4726.417,4644.081,0.4374,1.3122,0.4374,1.3122,,3.00,loss,loss,-1.00,True,,,,,,,,,reversal attempt; level not respected before break,unique,
real_trades,9,2026-05-05 11:10:00+00:00,10m,long,,take,4550.006,4524.947,4626.990,4524.947,4626.990,0.5507,1.6920,0.5507,1.6920,,3.07,win,win,3.07,True,,,,,,,,,reversal long; broke LH; SMMA>WMA,unique,
real_trades,10,2026-05-01 05:20:00+00:00,10m,short,,take,4614.544,4637.735,4544.647,4637.735,4544.647,0.5026,1.5147,0.5026,1.5147,,3.01,loss,loss,-1.00,True,,,,,,,,,2x-respected level; WMA>SMMA; hit SL,unique,
real_trades,11,2026-04-26 04:50:00+00:00,10m,long,,take,4544.277,4523.978,4605.538,4523.978,4605.538,0.4467,1.3481,0.4467,1.3481,,3.02,win,win,3.02,True,,,,,,,,,downtrend break-retest; broke prior LH,unique,
real_trades,12,2026-04-24 13:20:00+00:00,10m,long,,take,4695.947,4674.296,4761.100,4674.296,4761.100,0.4611,1.3874,0.4611,1.3874,,3.01,loss,loss,-1.00,True,,,,,,,,,MISTAKE: long in downtrend (no HTF check),unique,
real_trades,13,2026-04-08 12:00:00+00:00,10m,short,,take,4801.441,4824.365,4731.906,4824.365,4731.906,0.4774,1.4482,0.4774,1.4482,,3.03,win,win,3.03,True,,,,,,,,,inclined-support break-retest,unique,
real_trades,14,2026-04-02 02:20:00+00:00,10m,short,,take,4755.886,4804.136,4611.135,4804.136,4611.135,1.0145,3.0436,1.0145,3.0436,,3.00,miss,no_entry,,,,,,,,,,,never entered; price did not retest,unique,
real_trades,15,2026-03-30 00:10:00+00:00,10m,long,,take,4429.213,4395.447,4532.144,4395.447,4532.144,0.7623,2.3239,0.7623,2.3239,,3.05,win,win,3.05,True,,,,,,,,,waited for LH break then support retest,unique,
real_trades,16,2026-03-25 19:10:00+00:00,10m,short,,take,4538.657,4586.943,4393.797,4586.943,4393.797,1.0639,3.1917,1.0639,3.1917,,3.00,win,win,3.00,True,,,,,,,,,heavily-respected level break-retest,unique,
real_trades,17,2026-03-24 01:00:00+00:00,10m,long,,take,4315.214,4232.464,4562.055,4232.464,4562.055,1.9176,5.7202,1.9176,5.7202,,2.98,win,win,2.98,True,,,,,,,,,respected level break-back-retest,unique,
real_trades,18,2026-03-22 21:30:00+00:00,10m,short,,take,4521.470,4627.774,4202.557,4627.774,4202.557,2.3511,7.0533,2.3511,7.0533,,3.00,win,win,3.00,True,,,,,,,,,downtrend; support-break flip to resistance,unique,
real_trades,19,2026-03-12 01:20:00+00:00,10m,short,,take,5172.065,5201.525,5083.683,5201.525,5083.683,0.5696,1.7088,0.5696,1.7088,,3.00,win,win,3.00,True,,,,,,,,,3-4x-retested support break; WMA>SMMA,unique,
real_trades,20,2026-03-04 05:20:00+00:00,10m,long,,take,5136.965,5079.298,5310.825,5079.298,5310.825,1.1226,3.3845,1.1226,3.3845,,3.01,loss,loss,-1.00,True,,,,,,,,,long but bigger picture still downtrend,unique,
real_trades,21,2026-03-03 09:00:00+00:00,15m,short,,take,5279.410,5341.380,5093.499,5341.380,5093.499,1.1738,3.5214,1.1738,3.5214,,3.00,win,win,3.00,True,,,,,,,,,downtrend; support break-retest,unique,
real_trades,22,2026-02-24 17:00:00+00:00,15m,short,,take,5164.579,5195.385,5071.981,5195.385,5071.981,0.5965,1.7929,0.5965,1.7929,,3.01,loss,loss,-1.00,True,,,,,,,,,MISTAKE: short in uptrend,unique,
real_trades,23,2026-02-19 00:00:00+00:00,15m,long,,take,4962.657,4905.097,5135.339,4905.097,5135.339,1.1599,3.4796,1.1599,3.4796,,3.00,win,win,3.00,True,,,,,,,,,reversal long; broke strong LH,unique,
real_trades,24,2026-02-03 01:30:00+00:00,15m,long,,take,4753.521,4640.100,5093.783,4640.100,5093.783,2.3860,7.1581,2.3860,7.1581,,3.00,win,win,3.00,True,,,,,,,,,reversal long; broke strong LH in downtrend,unique,
real_trades,25,2026-01-26 22:45:00+00:00,15m,short,,take,5471.852,5563.320,5195.008,5563.320,5195.008,1.6716,5.0594,1.6716,5.0594,,3.03,win,win,3.03,True,,,,,,,,,reversal short; broke prior HH,unique,
tv_review_may_jun,1,2026-05-11 06:20:00+00:00,10m,short,continuation,skip,4667.405,4683.274,4619.799,,,0.3400,1.0200,,,3.0,,loss,loss,-1.08,False,4669.358,3,london_ny,True,False,False,False,6.51,Yes price is on a downtrend and overall it was not a negative trade and if I were to enter my entry would probably be where you marked the stop loss even though the trade would have lost which is fine but overall the trade was not bad || notes: The size of the trade is very similar to some trades I've made which is good as you put the take profit which would've resulted in a 1% price profit which is realistic as generally speaking when entering trades you should not be especially price to move more than 2% up and 2% down per trade so this kind of entry is good,unique,
tv_review_may_jun,2,2026-05-11 12:50:00+00:00,10m,long,range,take,4700.035,4665.224,4804.468,,,0.7407,2.2220,,,3.0,,timeout,timeout,-0.63,False,4690.668,2,london_ny,True,True,False,True,6.86,entry looks good as you waited for prince to retest 4690 level which is great as we can see price has created a lower high level there recently which makes it a not too bad entry however the take profit is too far up as that would be a 2.25% growth in price which is quite the movement and besides that you should not have placed the take profit above 4766 as that was the peak price for the week and the turning point for the downtrend which makes it a strong resistance level but the stop loss position was not bade as it was placed high below the last lower high before price broke the downtrend pattern || notes: If you respected the previous high of the 7th May 4pm then the trade would have been successful as we could see once price moved to that level it bounced off and came back down - naturally this will not always be the case but its something to take into consideration of possibilities,dup_candidate,real_trades:7
tv_review_may_jun,3,2026-05-11 14:10:00+00:00,10m,long,continuation,skip,4730.945,4663.623,4932.911,,,1.4230,4.2690,,,3.0,,loss,loss,-1.02,False,4728.438,2,london_ny,True,True,False,True,10.49,yes price went up and came back down to retest a lower high level but first you're already in a trade on a similar analysis and second you're not respecting the high of the week and 3rd your stop loss and take profit are too wide! 4.27% growth in price is extreme bullish movement which we have no signs of happening as price has not been volitile so how can we expect price to make such plays but lets give a scenario that price broke the 4764 high of the week and came back to rest that I can make an argument of price climbing that high but even then its not the most realistic trade to make || notes: Make the range of % for price when it comes to your stop loss and take profit smaller as we are not exactly seeing volatile plays being made,unique,
tv_review_may_jun,4,2026-05-11 22:50:00+00:00,10m,long,continuation,skip,4751.09,4731.007,4811.338,,,0.4227,1.2681,,,3.0,,loss,loss,-1.13,False,4748.662,3,rollover,True,False,False,True,5.24,There are no indications that price would move up plus even worse you're trade for price to break a resistance level as normally I would wait for price to break that resistance level before we enter and this is the same for the next trade,unique,
tv_review_may_jun,5,2026-05-12 00:00:00+00:00,10m,long,continuation,skip,4768.365,4730.55,4881.809,,,0.7930,2.3791,,,3.0,,loss,loss,-1.05,False,4765.355,2,asia,False,False,False,True,6.05,Similar to the trade before there is no valid setup for a trade as price is about to touch the reistance level that was marked on the 7th may 4pm so unless price breaks that and retest I dont see a trade plus 2.4% is very optimistic remember we are trading a low timeframe and yes price would be moving a lot but it does not mean we need to look for volatile plays expecting price would reach such a level without moving down first,unique,
tv_review_may_jun,6,2026-05-12 06:10:00+00:00,10m,short,continuation,take,4704.94,4724.57,4646.049,,,0.4172,1.2517,,,3.0,,win,win,2.94,False,4708.772,3,london_ny,True,False,False,False,7.35,good trade as price broke a higher level level and price came back up to 4711 which is a great entry for a short position + stop loss and take profit were good as you placed the stop loss above the previous lower high and the take profit wasn't bad but a bit low as it wouldn't be surprising for price to retest of the 4655 level which it actually done and I choose that level because it done so twice on 11th May 7:00 am and again same day 11th May but 10:30 am but besides that the trade was good,unique,
tv_review_may_jun,7,2026-05-12 20:00:00+00:00,10m,long,range,skip,4714.135,4636.668,4946.535,,,1.6433,4.9299,,,3.0,,timeout,timeout,-0.35,False,4712.168,2,ny_close,True,True,False,True,5.38,1st I see what you were hoping for but price is not really moving there is no momentum its just stuck together and looking for a breakout and retest in such conditions is pointless and we expect a bit of momentum or liquidity sweep but we take action 2nd the range of the stop loss and take profit is toooo wideeee!!! thats nearly 5% growth in price which I do not see price doing remember we care already risking 1% per trade so lets not make it harder for ourselves by setting such a high goal but I understand as you were trying to respend the previous lover low that it made but this trade would be pointless to make,unique,
tv_review_may_jun,8,2026-05-12 23:30:00+00:00,10m,long,continuation,skip,4720.61,4710.31,4751.509,,,0.2182,0.6546,,,3.0,,loss,loss,-1.19,False,4719.822,2,asia,False,False,False,True,4.62,same as the trade before price is not really moving and its not showing momentum but I can respect the fact that you entered when price broke the previous lower high so I can see as to why the algo made this trade,unique,
tv_review_may_jun,9,2026-05-14 07:30:00+00:00,10m,long,range,skip,4712.0,4683.905,4796.284,,,0.5962,1.7887,,,3.0,,loss,loss,-1.04,False,4702.978,2,london_ny,False,False,False,True,7.33,price is consolidation without breaking the consolidation range it is in so there is no trade to be made here unless it breaks either to the upside or downside but we do not make predictions of price breaking consolidations without it actually doing so before you enter or you're shooting yourself in the foot,unique,
tv_review_may_jun,10,2026-05-18 00:10:00+00:00,10m,short,range,take,4523.31,4557.77,4419.929,,,0.7618,2.2855,,,3.0,,loss,loss,-1.05,False,4528.792,2,asia,True,False,False,False,9.32,price broke a consolidation rnage to the downside and price came back to retest and the algo entered so the trade looks good and the stop loss and take profit level are not bad however again the stop loss level is too close to the previous lower high level so if I made this trade then I would have placed the stop loss around 4562 and it would not be surprising if price back to touch the previous lower high so this is what I mean when I say giving price room to move,unique,
tv_review_may_jun,11,2026-05-18 01:00:00+00:00,10m,short,range,skip,4501.75,4559.316,4329.052,,,1.2787,3.8362,,,3.0,,loss,loss,-1.03,False,4507.38,2,asia,True,False,False,False,11.36,analysis is okay same as the previous trade but the expectation where the algo thinks price will move to is too great as price has not gone down to 4325 level in weeks as you can see on the higher time frame is hasn't touched that level in 2 months so take into consideration the lowest price of the day/week and the highst price of the day week as well,unique,
tv_review_may_jun,12,2026-05-18 01:00:00+00:00,10m,short,range,skip,4501.75,4559.316,4329.052,,,1.2787,3.8362,,,3.0,,loss,loss,-1.03,False,4510.347,3,asia,True,True,False,False,11.36,same as answer as trade #11,unique,
tv_review_may_jun,13,2026-05-19 13:40:00+00:00,10m,short,range,skip,4481.51,4551.077,4272.809,,,1.5523,4.6569,,,3.0,,timeout,timeout,-0.6,False,4486.602,2,london_ny,False,True,False,False,12.08,Price did not break and retest and significant level here so I wouldn't have entered and again the expected price % movement for this trade is unrealistic but I understand the reasoning as the stop loss was placed before previous higher high consolidation level which I gave instructions for  but again price has not reach 4277 in months so its not a good take profit to make but above all there is no edge here besides WMA crossing above SMMA previously,unique,
tv_review_may_jun,14,2026-05-20 03:10:00+00:00,10m,short,range,take,4462.71,4512.836,4312.334,,,1.1232,3.3696,,,3.0,,loss,loss,-1.03,False,4464.49,2,asia,True,True,False,False,13.21,not a bad trade or bad analysis if anything I like it as price was entered after it broke a level that was respected twice and came to retest then stop loss was above previous lower high and take profit was 3x that but similar to the previous trade the take profit is unrealistic for price to move there just taking into consideration the lowest price of the day/week,unique,
tv_review_may_jun,15,2026-05-21 02:00:00+00:00,10m,long,continuation,skip,4555.77,4534.95,4618.231,,,0.4570,1.3710,,,3.0,,loss,loss,-1.1,False,4553.2,2,asia,True,False,False,True,6.94,too late for a long trade as that would have happened inbetween trade #14 and '15 which I've sent in the previous trade log I sent you to create this new strategy besides that the sto loss level isn't bad if I were to enter this trade and same with the take profit but besides that its not a good trade as you're predicting price to break a strong resistance level which has been respected in the past which I've mentioned we do not do,unique,
tv_review_may_jun,16,2026-05-21 05:30:00+00:00,10m,short,range,skip,4525.84,4542.557,4475.69,,,0.3694,1.1081,,,3.0,,loss,loss,-1.1,False,4526.362,3,asia,True,True,False,False,5.67,price is basically in a range of consolidation and not exactly respecting any level currently so until we see that price is starting to respect some levels its not great to trade this period,unique,
tv_review_may_jun,17,2026-05-21 07:30:00+00:00,10m,short,continuation,skip,4515.695,4542.107,4436.459,,,0.5849,1.7547,,,3.0,,loss,loss,-1.05,False,4518.388,2,london_ny,True,True,False,False,7.46,same answer as trade #16,unique,
tv_review_may_jun,18,2026-05-21 17:30:00+00:00,10m,long,continuation,skip,4542.585,4512.014,4634.299,,,0.6730,2.0190,,,3.0,,loss,loss,-1.05,False,4540.328,3,london_ny,False,True,False,True,7.94,price is not respecting any level currently and on top of that there realistically is no real edge here,unique,
tv_review_may_jun,19,2026-05-21 18:00:00+00:00,10m,long,continuation,skip,4548.675,4511.73,4659.51,,,0.8122,2.4366,,,3.0,,loss,loss,-1.04,False,4543.862,2,london_ny,True,False,False,True,7.81,same as trade #18,unique,
tv_review_may_jun,20,2026-05-24 22:50:00+00:00,10m,long,reversal,skip,4565.33,4501.739,4756.102,,,1.3929,4.1787,,,3.0,,timeout,timeout,-0.49,False,4559.45,2,rollover,True,False,False,True,8.22,1st we do not predict price to break a strong resistance what we do is allow for the break to happen then wait for price to come back and retest that strong resistance and newly respected support and then we enter the trade but what your trading here is not good as its just below a respected resistance level and besides that the expected price % take profit again is too high as this is a 4% price increase which I would not try and we should try to keep it below 2% but I understand you are trying to respect the 3R:R but in this case its not something you should stick firmly to and second you're trying to respect the price being below the previous lower low movement but price moved up which made the take profit % so high,unique,
tv_review_may_jun,21,2026-05-24 23:10:00+00:00,10m,long,reversal,skip,4574.585,4501.579,4793.603,,,1.5959,4.7877,,,3.0,,timeout,timeout,-0.6,False,4571.688,2,asia,False,False,False,True,8.47,same reasoning as trade #20,unique,
tv_review_may_jun,22,2026-05-26 00:10:00+00:00,10m,short,reversal,take,4545.945,4582.091,4437.507,4564.518,4513.041,0.7951,2.3854,0.4086,0.7238,3.0,1.77,timeout,timeout,0.77,False,4553.608,3,asia,True,False,False,False,5.51,Entry was great as you waited for price to break a support level then came back to retest that level and as soon as it came back you entered which I really respect HOWEVER again your stop and take profits are too high and too low and this was actually a trade I entered and the stop loss was 4564.518 and the take profit was 4513.041 which is ideal as I've said before the range does not need to be so wide and on top of that the stop loss was placed aboved the previous lower high but the lower high you chose was the one before I chose which is the strong resistance level I have spoke of,dup_candidate,real_trades:4
tv_review_may_jun,23,2026-05-26 00:20:00+00:00,10m,short,reversal,take,4549.44,4582.224,4451.088,,,0.7206,2.1618,,,3.0,,timeout,timeout,0.95,False,4550.072,2,asia,True,True,False,False,6.15,same reason as the trade #22,dup_candidate,real_trades:4
tv_review_may_jun,24,2026-05-26 01:50:00+00:00,10m,short,range,take,4537.3,4582.785,4400.846,,,1.0025,3.0074,,,3.0,,timeout,timeout,0.65,False,4540.208,3,asia,True,False,False,False,9.24,same reason as the trade #22 and #23 which is the same as #22,unique,
tv_review_may_jun,25,2026-05-26 17:50:00+00:00,10m,short,continuation,skip,4491.19,4509.299,4436.863,,,0.4032,1.2096,,,3.0,,loss,loss,-1.07,False,4500.555,3,london_ny,False,True,False,False,4.75,not bad analysis on this trade however price is consolidating downwards and your trade is basically predicting that it will break the downward trend and coninue going down 2nd even if I were to enter this trade I am not seeing price retesting anything which invalidations my strategy,unique,
tv_review_may_jun,26,2026-05-26 18:10:00+00:00,10m,short,continuation,skip,4490.8,4509.492,4434.725,,,0.4162,1.2487,,,3.0,,loss,loss,-1.06,False,4491.418,2,london_ny,False,True,False,False,5.69,same reason as trade #25,unique,
tv_review_may_jun,27,2026-05-27 11:00:00+00:00,10m,short,range,skip,4449.845,4501.262,4295.595,,,1.1555,3.4664,,,3.0,,timeout,timeout,1.11,False,4457.262,3,london_ny,True,False,False,False,7.74,there is no edge here price has not broken any respected level nor has it retested any respected or significant level but it is in a downtrend so I can respect looking for short positions whoever like I mentioned before the expected price % on these trades are too high please take into conideration the high and low range of the day and week please,unique,
tv_review_may_jun,28,2026-05-27 12:20:00+00:00,10m,short,range,skip,4454.705,4502.686,4310.763,,,1.0771,3.2312,,,3.0,,timeout,timeout,0.52,False,4462.575,2,london_ny,True,False,False,False,7.74,same reason as trade #27,unique,
tv_review_may_jun,29,2026-05-27 13:20:00+00:00,10m,short,continuation,skip,4405.045,4471.01,4207.15,,,1.4975,4.4925,,,3.0,,loss,loss,-1.02,False,4414.698,3,london_ny,False,True,False,False,13.66,there is no edge here no significant level or respected support or resistance and no retest either so I would not enter this trade,unique,
tv_review_may_jun,30,2026-05-28 01:30:00+00:00,10m,short,continuation,skip,4422.95,4461.813,4306.361,,,0.8787,2.6360,,,3.0,,loss,loss,-1.04,False,4429.418,2,asia,True,True,False,False,8.99,same reason as trade #29,unique,
tv_review_may_jun,31,2026-05-28 14:40:00+00:00,10m,long,continuation,take,4468.0,4413.353,4631.942,4448.000,,1.2231,3.6692,0.4476,,3.0,,timeout,timeout,1.76,False,4462.56,2,london_ny,False,False,False,True,14.17,good trades but what is killing us the the expected % in price so in this scenario I would have placed my stop loss below the newly respected support level so my stop loss would be 4448 and take profit would be 3x that and the reason this trade is okay is because you are not making a prediction as price has already broke the respected resistant level which turned it into a good support level to retest off which it did,unique,
tv_review_may_jun,32,2026-05-28 15:00:00+00:00,10m,long,continuation,take,4473.49,4413.471,4653.546,,,1.3417,4.0250,,,3.0,,timeout,timeout,1.49,False,4466.855,2,london_ny,False,True,False,True,16.01,same reasons as to why I took trade #31,unique,
tv_review_may_jun,33,2026-05-29 07:30:00+00:00,10m,long,continuation,take,4522.71,4500.333,4589.84,,,0.4948,1.4843,,,3.0,,win,win,2.95,False,4520.782,3,london_ny,False,True,False,True,6.88,good entry and good trade and good stop loss and good take profit besides the level being above the strong resistant level but just a but and for the stop loss when we are using a respected support or resistant level its okay to place your stop loss based on that,unique,
tv_review_may_jun,34,2026-05-29 15:10:00+00:00,10m,long,continuation,skip,4588.85,4521.466,4791.003,,,1.4684,4.4053,,,3.0,,loss,loss,-1.03,False,4580.169,4,london_ny,True,False,False,True,13.08,again you are making a prediction that price will break the resistant level and come back down to rest and another thing I need to make clear WE DO NOT TRADE FALSE BREAKOUTS they are misleading so ignore then so if price breaks out then breaks back in immediately which results in long wicks being formed we don't trade them,unique,
tv_review_may_jun,35,2026-06-01 02:50:00+00:00,10m,short,continuation,take,4521.595,4536.935,4475.575,,,0.3393,1.0178,,,3.0,,win,win,2.9,False,4525.88,3,asia,False,False,False,False,7.53,not a bad trade and the stop loss and take profits were placed appropriately with a price movement of -1.04% which is the kind of trade I would make,unique,
tv_review_may_jun,36,2026-06-01 08:00:00+00:00,10m,short,continuation,take,4494.235,4527.597,4394.148,4510.994,,0.7423,2.2270,0.3729,,3.0,,loss,loss,-1.05,False,4499.482,2,london_ny,True,False,False,False,7.58,not a bad trade but the wide stop loss and take profit keeps allowing us to lose money on these trades so like I said before in a csnario like this where price has broke a respected support line and come back to retest it turning it into a resistance we can place stop loss there OR we place it on the most recent high loe that was formed which would have put our stop loss at 4510.994,unique,
tv_review_may_jun,37,2026-06-02 07:10:00+00:00,10m,long,continuation,skip,4539.38,4514.488,4614.057,,,0.5484,1.6451,,,3.0,,loss,loss,-1.05,False,4535.552,2,london_ny,False,True,False,True,6.22,this trade was entered at a level that was touched and did not break so unless price breaks the price that was touched on 1st June at 00:50 am then we would not be entering this trade,unique,
tv_review_may_jun,38,2026-06-02 07:40:00+00:00,10m,long,continuation,skip,4531.735,4514.452,4583.583,,,0.3814,1.1441,,,3.0,,loss,loss,-1.07,False,4528.155,2,london_ny,True,False,False,True,6.64,same reason as trade #37,unique,
tv_review_may_jun,39,2026-06-02 23:20:00+00:00,10m,short,reversal,skip,4467.635,4494.899,4385.842,,,0.6103,1.8308,,,3.0,,loss,loss,-1.07,False,4473.38,3,asia,True,False,False,False,4.69,price has not broken as respected support or resistance  but instead it has just come down to a level which was touched before on 1st June 15:20 which makes it a respected level so techincially we are waiting for price to break that support level then coming back to retest then we enter the trade,unique,
tv_review_may_jun,40,2026-06-03 00:00:00+00:00,10m,short,range,skip,4476.755,4495.306,4421.103,,,0.4144,1.2431,,,3.0,,loss,loss,-1.11,False,4482.752,3,asia,True,True,False,False,4.69,same reason as trade #39,unique,
tv_review_may_jun,41,2026-06-03 06:20:00+00:00,10m,short,continuation,take,4462.785,4476.598,4421.344,,,0.3095,0.9286,,,3.0,,loss,loss,-1.12,False,4463.002,4,london_ny,True,False,False,False,5.67,not a bad trade as price broke the resistance level I mentioned before then came to retest and then the algo entered the trade which was good and take profit and stop loss were placed appropriately so its a shame the trade was unsuccessful but overall a good trade,unique,
tv_review_may_jun,42,2026-06-04 01:40:00+00:00,10m,long,continuation,take,4466.09,4440.538,4542.745,,,0.5721,1.7164,,,3.0,,loss,loss,-1.08,False,4459.262,2,asia,True,True,False,True,7.97,good trade as price broke a resistant line which turned it into a support line then came to retest but again the stop loss and take profit are way too wide so since we are playing with strong resistant and support level then like I mentioned before the stop loss should go just below the support level so around 4455,unique,
tv_review_may_jun,43,2026-06-04 02:40:00+00:00,10m,long,continuation,take,4470.445,4440.609,4559.954,,,0.6674,2.0022,,,3.0,,loss,loss,-1.07,False,4467.543,3,asia,False,True,False,True,8.38,same reasoning as the trade #42,unique,
tv_review_may_jun,44,2026-06-04 11:30:00+00:00,10m,long,continuation,take,4488.375,4462.386,4566.343,,,0.5790,1.7371,,,3.0,,loss,loss,-1.05,False,4488.147,3,london_ny,False,False,False,True,6.28,Not a bad trade as we can see that price looked like it was beginning an uptrend and then price even broke the newly create higher high and came back down to retest and then the algo entered the trade which isn't bad,unique,
tv_review_may_jun,45,2026-06-04 12:00:00+00:00,10m,long,continuation,take,4498.425,4461.704,4608.588,,,0.8163,2.4489,,,3.0,,loss,loss,-1.03,False,4496.212,2,london_ny,True,False,False,True,7.51,same as the trade before which was trade #44,unique,
tv_review_may_jun,46,2026-06-04 12:00:00+00:00,10m,long,continuation,take,4498.425,4461.704,4608.588,,,0.8163,2.4489,,,3.0,,loss,loss,-1.03,False,4493.01,3,london_ny,True,False,False,True,7.51,same as the trade before so trade #44 and #45 but again the % expectation for this trade is still too high,unique,
tv_review_may_jun,47,2026-06-04 13:30:00+00:00,10m,long,range,take,4509.37,4461.234,4653.777,,,1.0675,3.2024,,,3.0,,loss,loss,-1.02,False,4508.202,2,london_ny,False,True,False,True,7.95,same as  trade #44 and #45 but again the % expectation for this trade is still too high,unique,
tv_review_may_jun,48,2026-06-05 00:20:00+00:00,10m,short,range,take,4457.64,4483.448,4380.216,,,0.5790,1.7369,,,3.0,,win,win,2.94,False,4458.593,2,asia,True,False,False,False,5.75,Very good trades as price broke the resistant level we have mentioned previously then came back to retest and stop loss and take profit placements were good,unique,
tv_review_may_jun,49,2026-06-05 01:30:00+00:00,10m,short,continuation,take,4449.745,4484.189,4346.412,,,0.7741,2.3222,,,3.0,,win,win,2.95,False,4456.495,2,asia,True,False,False,False,5.75,same reasoning as trade #48,unique,
tv_review_may_jun,50,2026-06-05 01:40:00+00:00,10m,short,continuation,take,4446.635,4472.616,4368.693,,,0.5843,1.7528,,,3.0,,loss,loss,-1.06,False,4451.255,2,asia,False,True,False,False,8.55,same reasoning as trade #48,unique,
tv_review_may_jun,51,2026-06-05 13:10:00+00:00,10m,short,range,take,4417.865,4479.303,4233.551,,,1.3907,4.1720,,,3.0,,timeout,timeout,1.54,False,4425.782,2,london_ny,True,False,False,False,10.05,not bad but it did not make a clean retest either but excluding that the trade wasn't bad but what was bad was the placement for stop loss and take profit as the price % expectation again is too high nearly touching a 4% movement just for that trade,unique,
tv_review_may_jun,52,2026-06-05 14:00:00+00:00,10m,short,range,take,4374.895,4480.755,4057.316,,,2.4197,7.2591,,,3.0,,timeout,timeout,0.43,False,4381.955,2,london_ny,True,False,False,False,15.43,riding the wave of the downtrend shown by trade #51 so its not a bad entry even though its not breaking and retesting any prices HOWEVER again the range is too high for the stop loss and take profit we will not be making profits with such unrealistic movement in price which here is -7%,unique,
tv_review_may_jun,53,2026-06-05 14:10:00+00:00,10m,short,range,take,4369.405,4480.853,4035.062,,,2.5506,7.6519,,,3.0,,timeout,timeout,0.33,False,4374.782,2,london_ny,True,False,False,False,15.43,same as trade #52,unique,
tv_review_may_jun,54,2026-06-05 14:30:00+00:00,10m,short,range,take,4348.685,4481.28,3950.9,,,3.0491,9.1472,,,3.0,,timeout,timeout,0.08,False,4366.722,2,london_ny,False,True,False,False,17.33,same as trade #52,unique,
tv_review_may_jun,55,2026-06-05 15:30:00+00:00,10m,short,continuation,take,4340.2,4480.643,3918.872,,,3.2359,9.7076,,,3.0,,timeout,timeout,-0.02,False,4351.222,2,london_ny,False,False,False,False,17.98,same as trade #52,unique,
tv_review_may_jun,56,2026-06-08 11:20:00+00:00,10m,long,reversal,skip,4325.335,4269.857,4491.769,,,1.2826,3.8479,,,3.0,,timeout,timeout,0.17,False,4321.435,2,london_ny,True,False,False,True,10.94,yes price has broken the recent lower high but for a trade like this I would want price to break a more significant lower high for extra confirmation so if price broke the price 4351.710 then came back for a retest then that would be good confirmation to enter the trade for a long position espectially because price has been in a downtrend so in order to get that reversal we would be looking for price to break a price like 4351.710 instead,unique,
tv_review_may_jun,57,2026-06-08 12:50:00+00:00,10m,long,continuation,skip,4333.34,4317.471,4380.947,,,0.3662,1.0986,,,3.0,,loss,loss,-1.08,False,4331.438,2,london_ny,False,True,False,True,9.79,same reason as trade #56,unique,
tv_review_may_jun,58,2026-06-09 15:50:00+00:00,10m,short,range,take,4272.46,4369.445,3981.506,4286.754,4212.520,2.2700,6.8100,0.3346,1.4029,3.0,4.19,timeout,timeout,0.0,False,4279.6,2,london_ny,True,True,False,False,17.79,very good entry so price break the 4280.375 level which was the actually previous lower low level then came back to retest which makes that price a good resitant level to respect however the stop loss and take profit are too big in expectations as since we are now respecting a resistant level the short position I would have entered would have been stop loss placed at 4286.754 and take profit placed at 4212.520,unique,
tv_review_may_jun,59,2026-06-09 15:50:00+00:00,10m,short,range,take,4272.46,4369.445,3981.506,,,2.2700,6.8100,,,3.0,,timeout,timeout,0.0,False,4273.525,2,london_ny,False,True,False,False,17.79,same reasoning as trade #58,unique,
tv_review_may_jun,60,2026-06-09 16:10:00+00:00,10m,short,range,take,4254.565,4368.796,3911.871,,,2.6849,8.0547,,,3.0,,timeout,timeout,-0.15,False,4268.628,2,london_ny,False,True,False,False,17.8,same reasoning as trade #58,unique,
tv_review_jan_feb,1,2026-01-02 15:20:00+00:00,10m,short,continuation,,4336.785,4364.516,4253.593,,,0.6394,1.9183,,,3.0,,loss,loss,-1.06,False,4345.0,2,london_ny,False,True,False,False,12.0,,unique,
tv_review_jan_feb,2,2026-01-02 16:10:00+00:00,10m,short,continuation,,4317.5,4351.049,4231.15,,,0.7770,2.0000,,,2.57,,loss,loss,-1.05,False,4331.62,2,london_ny,False,True,False,False,11.68,,unique,
tv_review_jan_feb,3,2026-01-06 03:20:00+00:00,10m,long,continuation,,4463.745,4440.748,4532.736,,,0.5152,1.5456,,,3.0,,timeout,timeout,0.02,False,4460.835,2,asia,True,True,False,True,7.66,,unique,
tv_review_jan_feb,4,2026-01-06 14:30:00+00:00,10m,long,range,,4479.295,4450.358,4566.105,,,0.6460,1.9380,,,3.0,,loss,loss,-1.06,False,4470.515,2,london_ny,False,True,False,True,6.37,,unique,
tv_review_jan_feb,5,2026-01-06 14:40:00+00:00,10m,long,range,,4482.18,4455.998,4560.727,,,0.5841,1.7524,,,3.0,,loss,loss,-1.06,False,4476.168,2,london_ny,False,False,False,True,7.63,,unique,
tv_review_jan_feb,6,2026-01-07 06:00:00+00:00,10m,short,range,,4457.965,4480.158,4391.385,,,0.4978,1.4935,,,3.0,,timeout,timeout,0.86,False,4460.098,2,london_ny,True,False,False,False,5.28,,unique,
tv_review_jan_feb,7,2026-01-07 06:00:00+00:00,10m,short,range,,4457.965,4482.528,4384.275,,,0.5510,1.6530,,,3.0,,timeout,timeout,0.78,False,4462.468,2,london_ny,True,False,False,False,5.28,,unique,
tv_review_jan_feb,8,2026-01-07 13:10:00+00:00,10m,short,continuation,,4434.085,4454.221,4373.677,,,0.4541,1.3624,,,3.0,,loss,loss,-1.06,False,4434.268,4,london_ny,True,False,False,False,7.57,,unique,
tv_review_jan_feb,9,2026-01-07 13:10:00+00:00,10m,short,continuation,,4434.085,4462.403,4349.13,,,0.6386,1.9160,,,3.0,,loss,loss,-1.04,False,4442.45,3,london_ny,True,False,False,False,7.57,,unique,
tv_review_jan_feb,10,2026-01-12 07:00:00+00:00,10m,long,continuation,,4582.15,4561.218,4644.947,,,0.4568,1.3705,,,3.0,,timeout,timeout,0.19,False,4581.838,2,london_ny,False,True,False,True,5.76,,unique,
tv_review_jan_feb,11,2026-01-13 14:50:00+00:00,10m,long,range,,4629.8,4599.095,4721.915,,,0.6632,1.9896,,,3.0,,loss,loss,-1.04,False,4619.929,5,london_ny,True,True,False,True,9.29,,unique,
tv_review_jan_feb,12,2026-01-13 14:50:00+00:00,10m,long,range,,4629.8,4608.066,4695.002,,,0.4694,1.4083,,,3.0,,loss,loss,-1.06,False,4628.9,2,london_ny,True,False,False,True,9.29,,unique,
tv_review_jan_feb,13,2026-01-13 15:10:00+00:00,10m,long,range,,4607.055,4581.213,4684.58,,,0.5609,1.6827,,,3.0,,loss,loss,-1.05,False,4601.945,2,london_ny,True,False,False,True,6.43,,unique,
tv_review_jan_feb,14,2026-01-16 15:30:00+00:00,10m,short,reversal,,4548.375,4590.143,4457.408,,,0.9183,2.0000,,,2.18,,loss,loss,-1.03,False,4569.675,2,london_ny,False,False,False,False,13.64,,unique,
tv_review_jan_feb,15,2026-01-16 16:00:00+00:00,10m,short,range,,4586.78,4616.388,4497.956,,,0.6455,1.9365,,,3.0,,loss,loss,-1.05,False,4595.747,2,london_ny,True,False,False,False,13.64,,unique,
tv_review_jan_feb,16,2026-01-20 00:40:00+00:00,10m,short,range,,4662.82,4685.065,4596.084,,,0.4771,1.4312,,,3.0,,loss,loss,-1.09,False,4664.082,2,asia,True,False,False,False,3.71,,unique,
tv_review_jan_feb,17,2026-01-20 13:30:00+00:00,10m,short,range,,4721.2,4742.723,4656.631,,,0.4559,1.3676,,,3.0,,loss,loss,-1.06,False,4721.478,2,london_ny,False,False,False,False,4.77,,unique,
tv_review_jan_feb,18,2026-01-21 20:30:00+00:00,10m,short,continuation,,4805.51,4836.922,4711.273,,,0.6537,1.9610,,,3.0,,loss,loss,-1.08,False,4815.298,2,ny_close,True,True,False,False,16.62,,unique,
tv_review_jan_feb,19,2026-01-22 15:40:00+00:00,10m,long,continuation,,4863.49,4833.097,4954.67,,,0.6249,1.8748,,,3.0,,win,win,2.95,False,4854.982,2,london_ny,True,True,False,True,10.66,,unique,
tv_review_jan_feb,20,2026-01-30 02:30:00+00:00,10m,short,range,,5211.135,5249.748,5106.912,,,0.7410,2.0000,,,2.7,,win,win,2.66,False,5226.298,2,asia,True,False,False,False,43.44,,unique,
tv_review_jan_feb,21,2026-01-30 09:10:00+00:00,10m,short,continuation,,5068.755,5114.364,4967.38,,,0.8998,2.0000,,,2.22,,win,win,2.2,False,5091.555,2,london_ny,True,True,False,False,41.35,,unique,
tv_review_jan_feb,22,2026-01-30 09:10:00+00:00,10m,short,continuation,,5068.755,5104.329,4967.38,,,0.7018,2.0000,,,2.85,,win,win,2.82,False,5081.52,2,london_ny,True,False,False,False,41.35,,unique,
tv_review_jan_feb,23,2026-01-30 09:30:00+00:00,10m,short,continuation,,5031.005,5073.657,4930.385,,,0.8478,2.0000,,,2.36,,loss,loss,-1.03,False,5051.018,4,london_ny,True,True,False,False,43.43,,unique,
tv_review_jan_feb,24,2026-01-30 17:40:00+00:00,10m,short,continuation,,4857.51,4922.206,4760.36,,,1.3319,2.0000,,,1.5,,win,win,1.48,False,4900.348,2,london_ny,False,False,False,False,39.21,,unique,
tv_review_jan_feb,25,2026-01-30 18:20:00+00:00,10m,short,continuation,,4742.65,4794.782,4647.797,,,1.0992,2.0000,,,1.82,,loss,loss,-1.02,False,4773.44,2,london_ny,False,False,False,False,51.23,,unique,
tv_review_jan_feb,26,2026-02-02 03:50:00+00:00,10m,short,range,,4646.855,4680.473,4553.918,,,0.7235,2.0000,,,2.76,,loss,loss,-1.06,False,4659.562,2,asia,False,False,False,False,45.58,,unique,
tv_review_jan_feb,27,2026-02-02 05:50:00+00:00,10m,short,range,,4549.25,4599.508,4458.265,,,1.1048,2.0000,,,1.81,,win,win,1.78,False,4579.037,3,asia,True,True,False,False,48.36,,unique,
tv_review_jan_feb,28,2026-02-02 05:50:00+00:00,10m,short,range,,4549.25,4601.347,4458.265,,,1.1452,2.0000,,,1.75,,win,win,1.72,False,4580.875,2,asia,True,True,False,False,48.36,,unique,
tv_review_jan_feb,29,2026-02-02 06:40:00+00:00,10m,short,range,,4439.82,4473.422,4351.024,,,0.7568,2.0000,,,2.64,,loss,loss,-1.04,False,4453.442,2,london_ny,True,True,False,False,54.36,,unique,
tv_review_jan_feb,30,2026-02-02 06:40:00+00:00,10m,short,range,,4439.82,4498.292,4351.024,,,1.3170,2.0000,,,1.52,,loss,loss,-1.02,False,4478.312,2,london_ny,True,True,False,False,54.36,,unique,
tv_review_jan_feb,31,2026-02-02 06:40:00+00:00,10m,short,range,,4439.82,4467.064,4358.087,,,0.6136,1.8409,,,3.0,,loss,loss,-1.04,False,4447.085,2,london_ny,True,True,False,False,54.36,,unique,
tv_review_jan_feb,32,2026-02-02 06:40:00+00:00,10m,short,range,,4439.82,4480.304,4351.024,,,0.9118,2.0000,,,2.19,,loss,loss,-1.03,False,4460.325,4,london_ny,True,True,False,False,54.36,,unique,
tv_review_jan_feb,33,2026-02-02 07:20:00+00:00,10m,short,continuation,,4560.27,4626.009,4469.065,,,1.4416,2.0000,,,1.39,,loss,loss,-1.02,False,4605.488,2,london_ny,True,True,False,False,48.36,,unique,
tv_review_jan_feb,34,2026-02-02 11:00:00+00:00,10m,long,continuation,,4723.995,4694.062,4813.794,,,0.6336,1.9009,,,3.0,,loss,loss,-1.04,False,4715.32,2,london_ny,False,True,False,True,38.97,,unique,
tv_review_jan_feb,35,2026-02-02 16:40:00+00:00,10m,short,continuation,,4657.32,4678.565,4593.584,,,0.4562,1.3685,,,3.0,,loss,loss,-1.06,False,4657.608,2,london_ny,True,False,False,False,48.87,,unique,
tv_review_jan_feb,36,2026-02-02 16:40:00+00:00,10m,short,continuation,,4657.32,4686.368,4570.176,,,0.6237,1.8711,,,3.0,,loss,loss,-1.04,False,4665.41,2,london_ny,True,False,False,False,48.87,,unique,
tv_review_jan_feb,37,2026-02-03 00:20:00+00:00,10m,long,range,,4820.34,4775.911,4916.747,,,0.9217,2.0000,,,2.17,,loss,loss,-1.05,False,4797.603,2,asia,False,True,False,True,29.29,,unique,
tv_review_jan_feb,38,2026-02-03 00:30:00+00:00,10m,long,range,,4821.16,4789.375,4916.516,,,0.6593,1.9779,,,3.0,,loss,loss,-1.06,False,4811.07,2,asia,False,False,False,True,29.72,,unique,
tv_review_jan_feb,39,2026-02-03 01:20:00+00:00,10m,long,continuation,,4853.82,4808.345,4950.896,,,0.9369,2.0000,,,2.13,,loss,loss,-1.04,False,4830.188,2,asia,False,False,False,True,35.46,,unique,
tv_review_jan_feb,40,2026-02-03 06:20:00+00:00,10m,long,range,,4871.605,4821.373,4969.037,,,1.0311,2.0000,,,1.94,,win,win,1.92,False,4843.295,2,london_ny,True,False,False,True,17.64,,unique,
tv_review_jan_feb,41,2026-02-04 15:30:00+00:00,10m,short,range,,4912.61,4986.612,4814.358,,,1.5064,2.0000,,,1.33,,loss,loss,-1.02,False,4964.505,2,london_ny,False,False,False,False,27.48,,unique,
tv_review_jan_feb,42,2026-02-04 16:50:00+00:00,10m,short,range,,4904.53,4932.69,4820.049,,,0.5742,1.7225,,,3.0,,loss,loss,-1.04,False,4910.62,2,london_ny,True,False,False,False,42.04,,unique,
tv_review_jan_feb,43,2026-02-05 02:50:00+00:00,10m,short,continuation,,4812.23,4892.878,4715.985,,,1.6759,2.0000,,,1.19,,loss,loss,-1.02,False,4871.222,2,asia,True,False,False,False,32.15,,unique,
tv_review_jan_feb,44,2026-02-05 03:00:00+00:00,10m,short,continuation,,4847.165,4871.827,4773.178,,,0.5088,1.5264,,,3.0,,loss,loss,-1.08,False,4850.015,2,asia,True,True,False,False,35.02,,unique,
tv_review_jan_feb,45,2026-02-06 14:40:00+00:00,10m,long,continuation,,4939.185,4911.116,5023.391,,,0.5683,1.7049,,,3.0,,win,win,2.94,False,4933.343,2,london_ny,False,False,False,True,20.48,,unique,
tv_review_jan_feb,46,2026-02-06 15:00:00+00:00,10m,long,continuation,,4957.08,4917.641,5056.222,,,0.7956,2.0000,,,2.51,,win,win,2.48,False,4939.948,4,london_ny,False,False,False,True,20.35,,unique,
tv_review_jan_feb,47,2026-02-08 23:30:00+00:00,10m,long,reversal,,5036.695,4999.627,5137.429,,,0.7360,2.0000,,,2.72,,loss,loss,-1.05,False,5022.292,2,asia,False,False,False,True,14.04,,unique,
tv_review_jan_feb,48,2026-02-09 10:30:00+00:00,10m,short,range,,4990.505,5019.86,4902.441,,,0.5882,1.7646,,,3.0,,loss,loss,-1.04,False,4997.402,2,london_ny,False,False,False,False,12.69,,unique,
tv_review_jan_feb,49,2026-02-11 02:40:00+00:00,10m,long,continuation,,5053.04,5026.033,5134.061,,,0.5345,1.6034,,,3.0,,loss,loss,-1.06,False,5048.772,3,asia,False,False,False,True,9.25,,unique,
tv_review_jan_feb,50,2026-02-11 10:50:00+00:00,10m,long,range,,5093.245,5068.145,5168.544,,,0.4928,1.4784,,,3.0,,loss,loss,-1.05,False,5091.065,3,london_ny,True,False,False,True,8.31,,unique,
tv_review_jan_feb,51,2026-02-11 11:00:00+00:00,10m,long,range,,5094.135,5063.516,5185.991,,,0.6011,1.8032,,,3.0,,loss,loss,-1.04,False,5086.44,3,london_ny,True,False,False,True,8.31,,unique,
tv_review_jan_feb,52,2026-02-11 11:00:00+00:00,10m,long,range,,5094.135,5057.574,5196.018,,,0.7177,2.0000,,,2.79,,loss,loss,-1.03,False,5080.498,4,london_ny,True,False,False,True,8.31,,unique,
tv_review_jan_feb,53,2026-02-12 12:50:00+00:00,10m,short,range,,5052.85,5079.243,4973.672,,,0.5223,1.5670,,,3.0,,loss,loss,-1.05,False,5056.505,2,london_ny,False,False,False,False,6.07,,unique,
tv_review_jan_feb,54,2026-02-12 16:40:00+00:00,10m,short,continuation,,4935.995,4958.462,4868.594,,,0.4552,1.3655,,,3.0,,loss,loss,-1.05,False,4936.25,2,london_ny,True,True,False,False,25.19,,unique,
tv_review_jan_feb,55,2026-02-12 17:20:00+00:00,10m,short,continuation,,4965.875,5009.271,4866.558,,,0.8739,2.0000,,,2.29,,loss,loss,-1.03,False,4986.925,2,london_ny,True,False,False,False,21.86,,unique,
tv_review_jan_feb,56,2026-02-12 17:20:00+00:00,10m,short,continuation,,4965.875,5019.384,4866.558,,,1.0775,2.0000,,,1.86,,loss,loss,-1.02,False,4997.038,2,london_ny,True,False,False,False,21.86,,unique,
tv_review_jan_feb,57,2026-02-12 18:00:00+00:00,10m,short,continuation,,4925.195,4948.298,4855.885,,,0.4691,1.4073,,,3.0,,loss,loss,-1.05,False,4926.135,2,london_ny,True,True,False,False,25.19,,unique,
tv_review_jan_feb,58,2026-02-13 14:20:00+00:00,10m,long,continuation,,5002.69,4976.108,5082.436,,,0.5314,1.5941,,,3.0,,loss,loss,-1.05,False,4998.62,2,london_ny,False,False,False,True,14.02,,unique,
tv_review_jan_feb,59,2026-02-13 14:40:00+00:00,10m,long,continuation,,4998.38,4969.286,5085.663,,,0.5821,1.7462,,,3.0,,loss,loss,-1.05,False,4991.778,3,london_ny,True,False,False,True,14.02,,unique,
tv_review_jan_feb,60,2026-02-16 13:10:00+00:00,10m,short,continuation,,4999.09,5022.306,4929.442,,,0.4644,1.3932,,,3.0,,win,win,2.93,False,4999.81,3,london_ny,True,True,False,False,5.6,,unique,
tv_review_jan_feb,61,2026-02-16 16:20:00+00:00,10m,short,continuation,,4986.305,5011.741,4909.997,,,0.5101,1.5304,,,3.0,,win,win,2.94,False,4989.302,2,london_ny,False,False,False,False,6.26,,unique,
tv_review_jan_feb,62,2026-02-17 00:50:00+00:00,10m,short,range,,4936.07,4995.51,4837.349,,,1.2042,2.0000,,,1.66,,timeout,timeout,0.74,False,4973.298,2,asia,True,False,False,False,7.76,,unique,
tv_review_jan_feb,63,2026-02-17 01:20:00+00:00,10m,short,range,,4956.81,4980.333,4886.241,,,0.4746,1.4237,,,3.0,,win,win,2.91,False,4958.028,2,asia,True,False,False,False,10.33,,unique,
tv_review_jan_feb,64,2026-02-17 01:20:00+00:00,10m,short,range,,4956.81,4985.831,4869.748,,,0.5855,1.7564,,,3.0,,win,win,2.93,False,4963.525,3,asia,True,False,False,False,10.33,,unique,
tv_review_jan_feb,65,2026-02-17 01:40:00+00:00,10m,short,range,,4960.02,4991.318,4866.127,,,0.6310,1.8930,,,3.0,,win,win,2.94,False,4968.997,2,asia,True,False,False,False,10.33,,unique,
tv_review_jan_feb,66,2026-02-17 05:20:00+00:00,10m,short,range,,4900.79,4926.491,4823.687,,,0.5244,1.5733,,,3.0,,loss,loss,-1.06,False,4904.438,2,asia,False,False,False,False,11.27,,unique,
tv_review_jan_feb,67,2026-02-19 05:50:00+00:00,10m,long,range,,4997.28,4973.39,5068.951,,,0.4781,1.4342,,,3.0,,loss,loss,-1.07,False,4995.878,2,asia,False,True,False,True,5.87,,unique,
tv_review_jan_feb,68,2026-02-19 06:50:00+00:00,10m,long,range,,5018.41,4989.54,5105.021,,,0.5753,1.7259,,,3.0,,loss,loss,-1.04,False,5012.122,2,london_ny,True,True,False,True,5.52,,unique,
tv_review_jan_feb,69,2026-02-19 07:00:00+00:00,10m,long,range,,5020.95,4994.411,5100.568,,,0.5286,1.5857,,,3.0,,loss,loss,-1.05,False,5017.005,2,london_ny,False,True,False,True,5.54,,unique,
tv_review_jan_feb,70,2026-02-19 07:50:00+00:00,10m,long,continuation,,5010.305,4985.935,5083.414,,,0.4864,1.4592,,,3.0,,loss,loss,-1.05,False,5008.482,3,london_ny,True,True,False,True,5.52,,unique,
tv_review_jan_feb,71,2026-02-20 06:40:00+00:00,10m,long,continuation,,5029.77,5001.059,5115.904,,,0.5708,1.7125,,,3.0,,loss,loss,-1.04,False,5023.692,2,london_ny,True,False,False,True,6.2,,unique,
tv_review_jan_feb,72,2026-02-20 07:00:00+00:00,10m,long,continuation,,5025.55,4999.373,5104.082,,,0.5209,1.5627,,,3.0,,loss,loss,-1.05,False,5021.988,2,london_ny,True,False,False,True,6.2,,unique,
tv_review_jan_feb,73,2026-02-20 09:10:00+00:00,10m,long,continuation,,5038.885,5008.23,5130.85,,,0.6084,1.8251,,,3.0,,loss,loss,-1.04,False,5030.905,3,london_ny,True,True,False,True,8.45,,unique,
tv_review_jan_feb,74,2026-02-23 07:00:00+00:00,10m,short,continuation,,5150.865,5174.469,5080.053,,,0.4583,1.3748,,,3.0,,loss,loss,-1.05,False,5151.29,3,london_ny,True,False,False,False,5.76,,unique,
tv_review_jan_feb,75,2026-02-23 14:50:00+00:00,10m,long,range,,5192.825,5165.11,5275.971,,,0.5337,1.6012,,,3.0,,loss,loss,-1.06,False,5188.478,2,london_ny,True,True,False,True,9.64,,unique,
tv_review_jan_feb,76,2026-02-23 15:00:00+00:00,10m,long,range,,5197.125,5153.675,5301.068,,,0.8360,2.0000,,,2.39,,loss,loss,-1.04,False,5177.062,2,london_ny,True,False,False,True,8.93,,unique,
tv_review_jan_feb,77,2026-02-23 16:00:00+00:00,10m,long,range,,5196.94,5148.501,5300.879,,,0.9321,2.0000,,,2.15,,loss,loss,-1.03,False,5171.888,2,london_ny,True,True,False,True,8.93,,unique,
tv_review_jan_feb,78,2026-02-24 12:20:00+00:00,10m,short,continuation,,5161.79,5187.292,5085.285,,,0.4941,1.4821,,,3.0,,loss,loss,-1.06,False,5164.064,4,london_ny,True,False,False,False,6.97,,unique,
tv_review_jan_feb,79,2026-02-24 12:40:00+00:00,10m,short,continuation,,5154.64,5178.868,5081.955,,,0.4700,1.4101,,,3.0,,loss,loss,-1.07,False,5155.672,2,london_ny,True,False,False,False,6.97,,unique,
tv_review_jan_feb,80,2026-02-24 13:40:00+00:00,10m,short,continuation,,5126.74,5166.805,5024.205,,,0.7815,2.0000,,,2.56,,loss,loss,-1.03,False,5143.735,5,london_ny,True,False,False,False,9.79,,unique,
tv_review_jan_feb,81,2026-02-24 13:40:00+00:00,10m,short,continuation,,5126.74,5169.114,5024.205,,,0.8265,2.0000,,,2.42,,loss,loss,-1.03,False,5146.044,4,london_ny,True,False,False,False,9.79,,unique,
tv_review_jan_feb,82,2026-02-25 02:10:00+00:00,10m,long,range,,5190.41,5161.658,5276.666,,,0.5539,1.6618,,,3.0,,loss,loss,-1.06,False,5185.015,2,asia,False,True,False,True,12.5,,unique,
tv_review_jan_feb,83,2026-02-25 20:20:00+00:00,10m,short,range,,5186.27,5214.823,5100.61,,,0.5505,1.6517,,,3.0,,timeout,timeout,-0.09,False,5191.485,2,ny_close,True,False,False,False,7.35,,unique,
tv_review_jan_feb,84,2026-02-25 23:30:00+00:00,10m,short,range,,5170.185,5195.273,5094.92,,,0.4852,1.4558,,,3.0,,loss,loss,-1.08,False,5172.008,2,asia,True,False,False,False,12.47,,unique,
tv_review_jan_feb,85,2026-02-27 00:50:00+00:00,10m,short,range,,5175.1,5201.455,5096.034,,,0.5093,1.5278,,,3.0,,loss,loss,-1.06,False,5178.168,2,asia,False,False,False,False,7.2,,unique,
tv_review_jan_feb,86,2026-02-27 13:10:00+00:00,10m,long,continuation,,5218.52,5184.562,5320.395,,,0.6507,1.9522,,,3.0,,win,win,2.95,False,5208.045,2,london_ny,True,False,False,True,6.23,,unique,
tv_review_jan_feb,87,2026-02-27 13:30:00+00:00,10m,long,continuation,,5218.865,5195.013,5290.422,,,0.4570,1.3711,,,3.0,,win,win,2.93,False,5218.497,2,london_ny,True,True,False,True,8.26,,unique,
